modelId,downloads,organization,num_users,num_females,% of women
sentence-transformers/all-mpnet-base-v2,296552424.0,sentence-transformers,4,0,0.0
nesaorg/benchmark_v0,118617403.0,nesaorg,2,0,0.0
FacebookAI/xlm-roberta-large,72928929.0,FacebookAI,2,0,0.0
google-bert/bert-base-uncased,70401215.0,google-bert,3,0,0.0
Qwen/Qwen2.5-1.5B-Instruct,43395422.0,Qwen,124,6,4.84
microsoft/resnet-50,31051253.0,microsoft,2125,305,14.35
openai/clip-vit-large-patch14,29787899.0,openai,54,6,11.11
facebook/opt-1.3b,18146887.0,facebook,463,53,11.45
openai-community/gpt2,16632300.0,openai-community,2,0,0.0
bigscience/bloomz-560m,15217373.0,bigscience,328,56,17.07
google/vit-base-patch16-224-in21k,15187661.0,google,1564,219,14.0
timm/resnet50.a1_in1k,15160276.0,timm,2,1,50.0
distilbert/distilbert-base-uncased,14891526.0,distilbert,2,0,0.0
pyannote/segmentation-3.0,14669060.0,pyannote,1,0,0.0
M-CLIP/XLM-Roberta-Large-Vit-B-32,11061001.0,M-CLIP,3,0,0.0
CIDAS/clipseg-rd64-refined,7998214.0,CIDAS,1,0,0.0
google-t5/t5-small,7686905.0,google-t5,3,0,0.0
albert/albert-base-v2,6448555.0,albert,2,0,0.0
meta-llama/Llama-3.1-8B-Instruct,6192025.0,meta-llama,389,49,12.6
adsabs/astroBERT,5922722.0,adsabs,9,1,11.11
BAAI/bge-small-en-v1.5,5906373.0,BAAI,60,1,1.67
laion/CLIP-ViT-B-16-laion2B-s34B-b88K,5181733.0,laion,47,2,4.26
HuggingFaceM4/siglip-so400m-14-384,5167375.0,HuggingFaceM4,46,8,17.39
cardiffnlp/twitter-roberta-base-sentiment-latest,4822677.0,cardiffnlp,15,3,20.0
stable-diffusion-v1-5/stable-diffusion-inpainting,4565834.0,stable-diffusion-v1-5,1,0,0.0
distributed/optimized-gpt2-1b,4471565.0,distributed,8,0,0.0
allenai/longformer-base-4096,4402761.0,allenai,140,39,27.86
Falconsai/nsfw_image_detection,4121724.0,Falconsai,11,0,0.0
amazon/chronos-t5-small,3958699.0,amazon,1951,211,10.81
MIT/ast-finetuned-audioset-10-10-0.4593,3542023.0,MIT,1,0,0.0
answerdotai/answerai-colbert-small-v1,3298255.0,answerdotai,17,2,11.76
mixedbread-ai/mxbai-embed-large-v1,3296110.0,mixedbread-ai,7,0,0.0
Alibaba-NLP/gte-large-en-v1.5,2863251.0,Alibaba-NLP,4,1,25.0
unslothai/1,2725373.0,unslothai,1,0,0.0
cross-encoder/ms-marco-MiniLM-L-6-v2,2711635.0,cross-encoder,2,0,0.0
ntu-spml/distilhubert,2701680.0,ntu-spml,8,0,0.0
stabilityai/stable-diffusion-xl-base-1.0,2692090.0,stabilityai,40,3,7.5
nvidia/speakerverification_en_titanet_large,2379048.0,nvidia,1409,181,12.85
tohoku-nlp/bert-base-japanese,2296622.0,tohoku-nlp,38,5,13.16
prs-eth/marigold-normals-lcm-v0-1,2165313.0,prs-eth,10,2,20.0
TinyLlama/TinyLlama-1.1B-Chat-v1.0,2135422.0,TinyLlama,4,0,0.0
nlpconnect/vit-gpt2-image-captioning,2132878.0,nlpconnect,1,0,0.0
almanach/camembert-base,2063022.0,almanach,14,1,7.14
autogluon/chronos-t5-tiny,2050285.0,autogluon,13,0,0.0
Salesforce/blip-image-captioning-large,1969484.0,Salesforce,339,49,14.45
cambridgeltl/SapBERT-from-PubMedBERT-fulltext,1862750.0,cambridgeltl,17,1,5.88
coqui/XTTS-v2,1825667.0,coqui,15,1,6.67
ProsusAI/finbert,1812004.0,ProsusAI,5,0,0.0
smallcloudai/Refact-1_6B-fim,1713867.0,smallcloudai,10,1,10.0
YituTech/conv-bert-base,1707321.0,YituTech,1,0,0.0
nomic-ai/nomic-embed-text-v1.5,1632427.0,nomic-ai,17,1,5.88
deepset/roberta-base-squad2,1600240.0,deepset,32,4,12.5
kyutai/mimi,1594775.0,kyutai,10,1,10.0
briaai/RMBG-1.4,1594685.0,briaai,25,2,8.0
black-forest-labs/FLUX.1-schnell,1559312.0,black-forest-labs,19,1,5.26
opensearch-project/opensearch-neural-sparse-encoding-doc-v2-distill,1541595.0,opensearch-project,1,0,0.0
colbert-ir/colbertv2.0,1539807.0,colbert-ir,4,2,50.0
owkin/phikon,1484604.0,owkin,48,12,25.0
apple/OpenELM-1_1B-Instruct,1402013.0,apple,537,84,15.64
charactr/vocos-mel-24khz,1379860.0,charactr,5,1,20.0
dunzhang/stella_en_400M_v5,1283983.0,dunzhang,3,0,0.0
IDEA-Research/grounding-dino-tiny,1264302.0,IDEA-Research,2,0,0.0
trl-internal-testing/tiny-random-LlamaForCausalLM,1260425.0,trl-internal-testing,7,0,0.0
flair/ner-english-fast,1259467.0,flair,4,0,0.0
WhereIsAI/UAE-Large-V1,1221906.0,WhereIsAI,2,0,0.0
CompVis/stable-diffusion-safety-checker,1213280.0,CompVis,22,2,9.09
peft-internal-testing/tiny-dummy-qwen2,1146573.0,peft-internal-testing,3,0,0.0
pysentimiento/robertuito-sentiment-analysis,1112853.0,pysentimiento,1,0,0.0
T-Systems-onsite/cross-en-de-roberta-sentence-transformer,1030271.0,T-Systems-onsite,15,0,0.0
dbmdz/bert-large-cased-finetuned-conll03-english,1022515.0,dbmdz,4,1,25.0
stepfun-ai/GOT-OCR2_0,926311.0,stepfun-ai,2,1,50.0
myshell-ai/MeloTTS-English,925777.0,myshell-ai,4,0,0.0
Helsinki-NLP/opus-mt-fr-en,920864.0,Helsinki-NLP,22,6,27.27
Shakker-Labs/FLUX.1-dev-LoRA-AntiBlur,881758.0,Shakker-Labs,2,1,50.0
Hate-speech-CNERG/tamil-codemixed-abusive-MuRIL,874656.0,Hate-speech-CNERG,6,0,0.0
unsloth/llama-3-8b-bnb-4bit,852740.0,unsloth,2,0,0.0
BridgeTower/bridgetower-large-itm-mlm-itc,840068.0,BridgeTower,4,1,25.0
obi/deid_roberta_i2b2,837751.0,obi,2,0,0.0
jinaai/jina-embeddings-v3,811009.0,jinaai,22,1,4.55
csebuetnlp/banglat5_banglaparaphrase,802675.0,csebuetnlp,10,1,10.0
naver/splade-cocondenser-selfdistil,800413.0,naver,37,4,10.81
indobenchmark/indobert-base-p1,764134.0,indobenchmark,9,3,33.33
modularai/llama-3.1,763932.0,modularai,5,0,0.0
hustvl/vitmatte-small-composition-1k,743871.0,hustvl,4,0,0.0
aubmindlab/bert-base-arabertv02,743518.0,aubmindlab,2,0,0.0
llava-hf/llava-v1.6-mistral-7b-hf,738045.0,llava-hf,7,1,14.29
speechbrain/spkrec-ecapa-voxceleb,735779.0,speechbrain,27,3,11.11
THUDM/chatglm2-6b,721614.0,THUDM,39,1,2.56
Systran/faster-whisper-large-v3,681329.0,Systran,5,0,0.0
MMG/xlm-roberta-large-ner-spanish,664745.0,MMG,3,0,0.0
mistralai/Mistral-7B-Instruct-v0.3,642206.0,mistralai,49,11,22.45
EmergentMethods/gliner_medium_news-v2.1,611726.0,EmergentMethods,9,1,11.11
kredor/punctuate-all,574429.0,kredor,1,0,0.0
Rostlab/prot_bert,567444.0,Rostlab,3,0,0.0
hpcai-tech/OpenSora-VAE-v1.2,552352.0,hpcai-tech,8,1,12.5
ai4bharat/indic-bert,545852.0,ai4bharat,55,5,9.09
Supabase/gte-small,536325.0,Supabase,6,0,0.0
OpenAssistant/oasst-sft-4-pythia-12b-epoch-3.5,515680.0,OpenAssistant,30,1,3.33
shi-labs/oneformer_coco_swin_large,513966.0,shi-labs,11,0,0.0
MCG-NJU/videomae-large,499701.0,MCG-NJU,6,0,0.0
ibm-granite/granite-timeseries-ttm-r1,491887.0,ibm-granite,39,6,15.38
diffusers/stable-diffusion-xl-1.0-inpainting-0.1,462723.0,diffusers,20,1,5.0
ggml-org/models,442646.0,ggml-org,8,0,0.0
NousResearch/Llama-2-7b-chat-hf,441064.0,NousResearch,18,3,16.67
lmsys/vicuna-7b-v1.5,438191.0,lmsys,12,1,8.33
openart-custom/AlbedoBase,423790.0,openart-custom,2,0,0.0
hugging-quants/Llama-3.2-1B-Instruct-Q8_0-GGUF,419869.0,hugging-quants,12,0,0.0
furiosa-ai/mlperf-gpt-j-6b,417811.0,furiosa-ai,63,3,4.76
HuggingFaceH4/zephyr-7b-beta,416712.0,HuggingFaceH4,41,6,14.63
Snowflake/snowflake-arctic-embed-m,410046.0,Snowflake,200,12,6.0
dccuchile/bert-base-spanish-wwm-uncased,386299.0,dccuchile,5,0,0.0
Babelscape/wikineural-multilingual-ner,386152.0,Babelscape,8,0,0.0
vinai/phobert-base-v2,385933.0,vinai,1,0,0.0
tner/roberta-large-ontonotes5,383162.0,tner,5,0,0.0
DeepChem/ChemBERTa-77M-MTR,371189.0,DeepChem,12,3,25.0
cagliostrolab/animagine-xl-3.1,370292.0,cagliostrolab,12,1,8.33
audeering/wav2vec2-large-robust-24-ft-age-gender,369511.0,audeering,11,0,0.0
ckiplab/bert-base-chinese-ws,364841.0,ckiplab,7,0,0.0
XLabs-AI/flux-RealismLora,359711.0,XLabs-AI,12,2,16.67
DeepFloyd/t5-v1_1-xxl,354777.0,DeepFloyd,22,3,13.64
rinna/japanese-cloob-vit-b-16,339838.0,rinna,5,1,20.0
neulab/codebert-java,337535.0,neulab,19,6,31.58
bigcode/starcoder2-3b,329626.0,bigcode,359,34,9.47
tencent/DepthCrafter,328740.0,tencent,90,3,3.33
distil-whisper/distil-large-v3,318936.0,distil-whisper,8,0,0.0
botp/stable-diffusion-v1-5,311969.0,botp,1,0,0.0
solidrust/Codestral-22B-v0.1-hf-AWQ,307417.0,solidrust,6,0,0.0
internlm/internlm-xcomposer2d5-clip,306737.0,internlm,25,3,12.0
Team-ACE/ToolACE-8B,299721.0,Team-ACE,2,0,0.0
vectara/hallucination_evaluation_model,294837.0,vectara,26,1,3.85
llamafactory/tiny-random-Llama-3,291461.0,llamafactory,1,0,0.0
neuralmagic/Meta-Llama-3.1-8B-Instruct-FP8,286420.0,neuralmagic,34,6,17.65
aipicasso/emi,283581.0,aipicasso,5,0,0.0
moka-ai/m3e-base,281510.0,moka-ai,3,0,0.0
h2oai/h2ogpt-4096-llama2-7b-chat,275267.0,h2oai,68,10,14.71
EleutherAI/gpt-neo-2.7B,274204.0,EleutherAI,53,6,11.32
hkunlp/instructor-large,269157.0,hkunlp,14,0,0.0
doc2query/msmarco-t5-base-v1,258529.0,doc2query,1,0,0.0
crynux-ai/stable-diffusion-v1-5,252110.0,crynux-ai,3,0,0.0
DeepPavlov/rubert-base-cased,250692.0,DeepPavlov,9,3,33.33
Intel/dpt-hybrid-midas,245627.0,Intel,1683,226,13.43
AutonLab/MOMENT-1-large,237966.0,AutonLab,12,2,16.67
VAGOsolutions/Llama-3.1-SauerkrautLM-8b-Instruct,236875.0,VAGOsolutions,6,0,0.0
mtg-upf/discogs-maest-30s-pw-129e,229713.0,mtg-upf,7,0,0.0
TaylorAI/bge-micro-v2,227779.0,TaylorAI,2,0,0.0
hfl/chinese-roberta-wwm-ext,223919.0,hfl,3,0,0.0
sentence-transformers-testing/stsb-bert-tiny-safetensors,215816.0,sentence-transformers-testing,1,0,0.0
ncbi/MedCPT-Query-Encoder,211149.0,ncbi,3,0,0.0
Qdrant/all-MiniLM-L6-v2-onnx,204990.0,Qdrant,9,3,33.33
tiiuae/falcon-7b-instruct,203897.0,tiiuae,50,4,8.0
openlm-research/open_llama_3b_v2,194419.0,openlm-research,3,0,0.0
Lajavaness/bilingual-embedding-large,192628.0,Lajavaness,11,0,0.0
LTP/small,192626.0,LTP,1,0,0.0
xlnet/xlnet-base-cased,191491.0,xlnet,2,0,0.0
stablediffusionapi/realistic-vision-51,190022.0,stablediffusionapi,4,0,0.0
reazon-research/reazonspeech-nemo-v2,187279.0,reazon-research,14,2,14.29
optimum-internal-testing/tiny-random-llama,178811.0,optimum-internal-testing,11,2,18.18
UFNLP/gatortron-base,175583.0,UFNLP,10,1,10.0
latent-consistency/lcm-lora-sdv1-5,175453.0,latent-consistency,10,2,20.0
ByteDance/Hyper-SD,174954.0,ByteDance,221,10,4.52
Efficient-Large-Model/Llama-3-VILA1.5-8B-Fix,174139.0,Efficient-Large-Model,40,1,2.5
SanctumAI/Meta-Llama-3.1-8B-Instruct-GGUF,163101.0,SanctumAI,3,0,0.0
numind/NuNER_Zero,162144.0,numind,8,2,25.0
huawei-noah/TinyBERT_General_4L_312D,160743.0,huawei-noah,582,31,5.33
fal-collab-models/dreamshaper-xl-1-0,150832.0,fal-collab-models,1,0,0.0
NeuML/pubmedbert-base-embeddings,148286.0,NeuML,1,0,0.0
ufal/robeczech-base,148161.0,ufal,10,2,20.0
depth-anything/Depth-Anything-V2-Large-hf,145225.0,depth-anything,2,0,0.0
fixie-ai/ultravox-v0_3,142797.0,fixie-ai,6,0,0.0
argmaxinc/whisperkit-coreml,142170.0,argmaxinc,10,0,0.0
Marqo/marqo-fashionSigLIP,140640.0,Marqo,22,2,9.09
tasksource/deberta-small-long-nli,133925.0,tasksource,3,1,33.33
OpenGVLab/InternVL2-8B,133632.0,OpenGVLab,84,2,2.38
ml6team/keyphrase-extraction-distilbert-inspec,128873.0,ml6team,46,5,10.87
InstantX/InstantID,128248.0,InstantX,17,2,11.76
HooshvareLab/bert-fa-base-uncased-ner-peyma,122993.0,HooshvareLab,4,1,25.0
s-nlp/roberta_toxicity_classifier,121877.0,s-nlp,13,2,15.38
,,airesearch,18,3,16.67
,,Skywork,20,0,0.0
,,mlc-ai,17,0,0.0
,,McGill-NLP,23,3,13.04
,,TencentARC,31,1,3.23
,,baichuan-inc,18,1,5.56
,,upstage,60,8,13.33
,,HuggingFaceFW,13,3,23.08
,,inceptionai,29,7,24.14
,,sudo-ai,14,1,7.14
,,CofeAI,6,0,0.0
,,openbmb,38,1,2.63
,,OrionStarAI,16,0,0.0
,,alger-ia,2,0,0.0
,,FreedomIntelligence,55,3,5.45
